{"Dropout": {"precision": 0.7085714285714285, "recall": 0.6985915492957746, "f1-score": 0.70354609929078, "support": 355}, "Enrolled": {"precision": 0.37668161434977576, "recall": 0.4221105527638191, "f1-score": 0.39810426540284355, "support": 199}, "Graduate": {"precision": 0.7823639774859287, "recall": 0.7554347826086957, "f1-score": 0.7686635944700461, "support": 552}, "accuracy": 0.6772151898734177, "macro avg": {"precision": 0.6225390068023776, "recall": 0.6253789615560965, "f1-score": 0.6234379863878899, "support": 1106}, "weighted avg": {"precision": 0.6856848227583139, "recall": 0.6772151898734177, "f1-score": 0.6810885336445373, "support": 1106}}