{"Dropout": {"precision": 0.6596385542168675, "recall": 0.6169014084507042, "f1-score": 0.6375545851528385, "support": 355}, "Enrolled": {"precision": 0.3068181818181818, "recall": 0.542713567839196, "f1-score": 0.3920145190562614, "support": 199}, "Graduate": {"precision": 0.8151658767772512, "recall": 0.6231884057971014, "f1-score": 0.7063655030800821, "support": 552}, "accuracy": 0.6066907775768535, "macro avg": {"precision": 0.5938742042707669, "recall": 0.5942677940290005, "f1-score": 0.578644869096394, "support": 1106}, "weighted avg": {"precision": 0.6737794474772594, "recall": 0.6066907775768535, "f1-score": 0.6277183767826934, "support": 1106}}