{"Dropout": {"precision": 0.5724137931034483, "recall": 0.7014084507042253, "f1-score": 0.6303797468354431, "support": 355}, "Enrolled": {"precision": 0.21833333333333332, "recall": 0.6582914572864321, "f1-score": 0.32790988735919896, "support": 199}, "Graduate": {"precision": 0.7183098591549296, "recall": 0.09239130434782608, "f1-score": 0.16372391653290527, "support": 552}, "accuracy": 0.3896925858951175, "macro avg": {"precision": 0.503018995197237, "recall": 0.48403040411282783, "f1-score": 0.3740045169091824, "support": 1106}, "weighted avg": {"precision": 0.5815210417166172, "recall": 0.3896925858951175, "f1-score": 0.3430510665797709, "support": 1106}}