{"Dropout": {"precision": 0.6950146627565983, "recall": 0.6676056338028169, "f1-score": 0.6810344827586207, "support": 355}, "Enrolled": {"precision": 0.34649122807017546, "recall": 0.3969849246231156, "f1-score": 0.3700234192037471, "support": 199}, "Graduate": {"precision": 0.7728119180633147, "recall": 0.7518115942028986, "f1-score": 0.7621671258034894, "support": 552}, "accuracy": 0.6609403254972875, "macro avg": {"precision": 0.6047726029633629, "recall": 0.6054673842096103, "f1-score": 0.6044083425886191, "support": 1106}, "weighted avg": {"precision": 0.6711339407192649, "recall": 0.6609403254972875, "f1-score": 0.6655679523005265, "support": 1106}}