{"Dropout": {"precision": 0.4990892531876138, "recall": 0.7718309859154929, "f1-score": 0.6061946902654867, "support": 355}, "Enrolled": {"precision": 0.1541501976284585, "recall": 0.39195979899497485, "f1-score": 0.22127659574468087, "support": 199}, "Graduate": {"precision": 0.803921568627451, "recall": 0.07427536231884058, "f1-score": 0.13598673300165837, "support": 552}, "accuracy": 0.3553345388788427, "macro avg": {"precision": 0.4857203398145078, "recall": 0.4126887157431028, "f1-score": 0.32115267300394196, "support": 1106}, "weighted avg": {"precision": 0.5891657143689143, "recall": 0.3553345388788427, "f1-score": 0.3022584396151489, "support": 1106}}