{"Dropout": {"precision": 0.6962750716332379, "recall": 0.6845070422535211, "f1-score": 0.6903409090909091, "support": 355}, "Enrolled": {"precision": 0.3739130434782609, "recall": 0.4321608040201005, "f1-score": 0.40093240093240096, "support": 199}, "Graduate": {"precision": 0.7855787476280834, "recall": 0.75, "f1-score": 0.7673772011121408, "support": 552}, "accuracy": 0.6717902350813744, "macro avg": {"precision": 0.6185889542465274, "recall": 0.6222226154245405, "f1-score": 0.6195501703784836, "support": 1106}, "weighted avg": {"precision": 0.6828443171543178, "recall": 0.6717902350813744, "f1-score": 0.6767168042737092, "support": 1106}}