{"Dropout": {"precision": 0.6636085626911316, "recall": 0.6112676056338028, "f1-score": 0.6363636363636364, "support": 355}, "Enrolled": {"precision": 0.2909090909090909, "recall": 0.5628140703517588, "f1-score": 0.3835616438356164, "support": 199}, "Graduate": {"precision": 0.8248730964467005, "recall": 0.5887681159420289, "f1-score": 0.6871035940803382, "support": 552}, "accuracy": 0.5913200723327305, "macro avg": {"precision": 0.593130250015641, "recall": 0.5876165973091968, "f1-score": 0.5690096247598637, "support": 1106}, "weighted avg": {"precision": 0.6770360742177571, "recall": 0.5913200723327305, "f1-score": 0.616201665429227, "support": 1106}}