{"Dropout": {"precision": 0.5945330296127562, "recall": 0.7352112676056338, "f1-score": 0.6574307304785894, "support": 355}, "Enrolled": {"precision": 0.22053872053872053, "recall": 0.6582914572864321, "f1-score": 0.33039092055485497, "support": 199}, "Graduate": {"precision": 0.726027397260274, "recall": 0.09601449275362318, "f1-score": 0.1696, "support": 552}, "accuracy": 0.4023508137432188, "macro avg": {"precision": 0.5136997158039169, "recall": 0.4965057392152297, "f1-score": 0.3858072170111481, "support": 1106}, "weighted avg": {"precision": 0.5928693979994621, "recall": 0.4023508137432188, "f1-score": 0.3551129317453122, "support": 1106}}