{"Dropout": {"precision": 0.46140939597315433, "recall": 0.7746478873239436, "f1-score": 0.5783385909568874, "support": 355}, "Enrolled": {"precision": 0.1957894736842105, "recall": 0.46733668341708545, "f1-score": 0.27596439169139464, "support": 199}, "Graduate": {"precision": 0.5714285714285714, "recall": 0.036231884057971016, "f1-score": 0.06814310051107325, "support": 552}, "accuracy": 0.3508137432188065, "macro avg": {"precision": 0.4095424803619787, "recall": 0.42607215159966666, "f1-score": 0.3074820277197851, "support": 1106}, "weighted avg": {"precision": 0.4685271358609395, "recall": 0.3508137432188065, "f1-score": 0.2692966593294711, "support": 1106}}