{"Dropout": {"precision": 0.6558823529411765, "recall": 0.6281690140845071, "f1-score": 0.641726618705036, "support": 355}, "Enrolled": {"precision": 0.3220858895705521, "recall": 0.5276381909547738, "f1-score": 0.4, "support": 199}, "Graduate": {"precision": 0.8136363636363636, "recall": 0.6485507246376812, "f1-score": 0.7217741935483871, "support": 552}, "accuracy": 0.620253164556962, "macro avg": {"precision": 0.5972015353826974, "recall": 0.6014526432256541, "f1-score": 0.5878336040844744, "support": 1106}, "weighted avg": {"precision": 0.6745575045623239, "recall": 0.620253164556962, "f1-score": 0.6381847237603955, "support": 1106}}