{"Dropout": {"precision": 0.786833855799373, "recall": 0.7070422535211267, "f1-score": 0.744807121661721, "support": 355}, "Enrolled": {"precision": 0.5060240963855421, "recall": 0.21105527638190955, "f1-score": 0.2978723404255319, "support": 199}, "Graduate": {"precision": 0.7443181818181818, "recall": 0.9492753623188406, "f1-score": 0.8343949044585987, "support": 552}, "accuracy": 0.7386980108499096, "macro avg": {"precision": 0.6790587113343656, "recall": 0.6224576307406257, "f1-score": 0.6256914555152839, "support": 1106}, "weighted avg": {"precision": 0.7150890147858378, "recall": 0.7386980108499096, "f1-score": 0.709104078838823, "support": 1106}}