{"Dropout": {"precision": 0.844106463878327, "recall": 0.6253521126760564, "f1-score": 0.7184466019417477, "support": 355}, "Enrolled": {"precision": 0.4232558139534884, "recall": 0.457286432160804, "f1-score": 0.4396135265700483, "support": 199}, "Graduate": {"precision": 0.7659235668789809, "recall": 0.8713768115942029, "f1-score": 0.8152542372881356, "support": 552}, "accuracy": 0.7179023508137432, "macro avg": {"precision": 0.677761948236932, "recall": 0.6513384521436877, "f1-score": 0.6577714552666438, "support": 1106}, "weighted avg": {"precision": 0.729363029449139, "recall": 0.7179023508137432, "f1-score": 0.7165931052982015, "support": 1106}}