{"Dropout": {"precision": 0.5364963503649635, "recall": 0.828169014084507, "f1-score": 0.6511627906976744, "support": 355}, "Enrolled": {"precision": 0.16198704103671707, "recall": 0.3768844221105528, "f1-score": 0.22658610271903326, "support": 199}, "Graduate": {"precision": 0.7894736842105263, "recall": 0.1358695652173913, "f1-score": 0.23183925811437403, "support": 552}, "accuracy": 0.4014466546112116, "macro avg": {"precision": 0.49598569187073566, "recall": 0.44697433380415036, "f1-score": 0.36986271717702723, "support": 1106}, "weighted avg": {"precision": 0.5953716991230373, "recall": 0.4014466546112116, "f1-score": 0.36548706656229335, "support": 1106}}