{"Dropout": {"precision": 0.622107969151671, "recall": 0.6816901408450704, "f1-score": 0.650537634408602, "support": 355}, "Enrolled": {"precision": 0.2657952069716776, "recall": 0.6130653266331658, "f1-score": 0.37082066869300917, "support": 199}, "Graduate": {"precision": 0.8023255813953488, "recall": 0.375, "f1-score": 0.5111111111111111, "support": 552}, "accuracy": 0.5162748643761302, "macro avg": {"precision": 0.5634095858395658, "recall": 0.5565851558260787, "f1-score": 0.5108231380709074, "support": 1106}, "weighted avg": {"precision": 0.6479433057562745, "recall": 0.5162748643761302, "f1-score": 0.5306216153872476, "support": 1106}}