{"Dropout": {"precision": 0.6301020408163265, "recall": 0.6957746478873239, "f1-score": 0.6613119143239624, "support": 355}, "Enrolled": {"precision": 0.27176220806794055, "recall": 0.6432160804020101, "f1-score": 0.382089552238806, "support": 199}, "Graduate": {"precision": 0.8148148148148148, "recall": 0.358695652173913, "f1-score": 0.4981132075471698, "support": 552}, "accuracy": 0.5180831826401446, "macro avg": {"precision": 0.5722263545663605, "recall": 0.5658954601544157, "f1-score": 0.5138382247033128, "support": 1106}, "weighted avg": {"precision": 0.6578161678780234, "recall": 0.5180831826401446, "f1-score": 0.5296202902771852, "support": 1106}}