{"Dropout": {"precision": 0.6597014925373135, "recall": 0.6225352112676056, "f1-score": 0.6405797101449275, "support": 355}, "Enrolled": {"precision": 0.2915451895043732, "recall": 0.5025125628140703, "f1-score": 0.3690036900369003, "support": 199}, "Graduate": {"precision": 0.8177570093457944, "recall": 0.6340579710144928, "f1-score": 0.7142857142857143, "support": 552}, "accuracy": 0.6066907775768535, "macro avg": {"precision": 0.5896678971291603, "recall": 0.5863685816987229, "f1-score": 0.5746230381558474, "support": 1106}, "weighted avg": {"precision": 0.6723448388074097, "recall": 0.6066907775768535, "f1-score": 0.6285020304742375, "support": 1106}}