{"Dropout": {"precision": 0.8221343873517787, "recall": 0.5859154929577465, "f1-score": 0.6842105263157895, "support": 355}, "Enrolled": {"precision": 0.3504043126684636, "recall": 0.6532663316582915, "f1-score": 0.456140350877193, "support": 199}, "Graduate": {"precision": 0.8340248962655602, "recall": 0.7282608695652174, "f1-score": 0.7775628626692457, "support": 552}, "accuracy": 0.6690777576853526, "macro avg": {"precision": 0.6688545320952675, "recall": 0.6558142313937517, "f1-score": 0.6393045799540761, "support": 1106}, "weighted avg": {"precision": 0.7431915989778436, "recall": 0.6690777576853526, "f1-score": 0.689766154484711, "support": 1106}}