{"Dropout": {"precision": 0.6846590909090909, "recall": 0.6788732394366197, "f1-score": 0.6817538896746818, "support": 355}, "Enrolled": {"precision": 0.3593073593073593, "recall": 0.41708542713567837, "f1-score": 0.386046511627907, "support": 199}, "Graduate": {"precision": 0.7858508604206501, "recall": 0.7445652173913043, "f1-score": 0.7646511627906978, "support": 552}, "accuracy": 0.6645569620253164, "macro avg": {"precision": 0.6099391035457001, "recall": 0.6135079613212008, "f1-score": 0.6108171880310955, "support": 1106}, "weighted avg": {"precision": 0.6766237040932104, "recall": 0.6645569620253164, "f1-score": 0.669921635179865, "support": 1106}}