{"Dropout": {"precision": 0.7043478260869566, "recall": 0.6845070422535211, "f1-score": 0.6942857142857144, "support": 355}, "Enrolled": {"precision": 0.3744493392070485, "recall": 0.4271356783919598, "f1-score": 0.3990610328638498, "support": 199}, "Graduate": {"precision": 0.7734082397003745, "recall": 0.7481884057971014, "f1-score": 0.7605893186003683, "support": 552}, "accuracy": 0.6699819168173599, "macro avg": {"precision": 0.6174018016647932, "recall": 0.6199437088141941, "f1-score": 0.6179786885833108, "support": 1106}, "weighted avg": {"precision": 0.6794577261100172, "recall": 0.6699819168173599, "f1-score": 0.6742584791851157, "support": 1106}}