{"Dropout": {"precision": 0.8074324324324325, "recall": 0.6732394366197183, "f1-score": 0.7342549923195085, "support": 355}, "Enrolled": {"precision": 0.48507462686567165, "recall": 0.32663316582914576, "f1-score": 0.3903903903903904, "support": 199}, "Graduate": {"precision": 0.764792899408284, "recall": 0.9365942028985508, "f1-score": 0.8420195439739414, "support": 552}, "accuracy": 0.7423146473779385, "macro avg": {"precision": 0.6857666529021293, "recall": 0.645488935115805, "f1-score": 0.6555549755612802, "support": 1106}, "weighted avg": {"precision": 0.7281501308618038, "recall": 0.7423146473779385, "f1-score": 0.7261690761615993, "support": 1106}}