{"Dropout": {"precision": 0.6437125748502994, "recall": 0.6056338028169014, "f1-score": 0.6240928882438317, "support": 355}, "Enrolled": {"precision": 0.2892561983471074, "recall": 0.5276381909547738, "f1-score": 0.3736654804270462, "support": 199}, "Graduate": {"precision": 0.8215158924205379, "recall": 0.6086956521739131, "f1-score": 0.6992715920915714, "support": 552}, "accuracy": 0.593128390596745, "macro avg": {"precision": 0.5848282218726483, "recall": 0.5806558819818628, "f1-score": 0.5656766535874831, "support": 1106}, "weighted avg": {"precision": 0.6686769621691389, "recall": 0.593128390596745, "f1-score": 0.6165554473472783, "support": 1106}}