{"Dropout": {"precision": 0.8506224066390041, "recall": 0.5774647887323944, "f1-score": 0.6879194630872483, "support": 355}, "Enrolled": {"precision": 0.35294117647058826, "recall": 0.542713567839196, "f1-score": 0.42772277227722777, "support": 199}, "Graduate": {"precision": 0.7817531305903399, "recall": 0.7916666666666666, "f1-score": 0.7866786678667868, "support": 552}, "accuracy": 0.6781193490054249, "macro avg": {"precision": 0.6617722378999774, "recall": 0.6372816744127524, "f1-score": 0.6341069677437543, "support": 1106}, "weighted avg": {"precision": 0.7267034146115381, "recall": 0.6781193490054249, "f1-score": 0.6903931878314717, "support": 1106}}