{"Dropout": {"precision": 0.8294573643410853, "recall": 0.6028169014084507, "f1-score": 0.6982055464926591, "support": 355}, "Enrolled": {"precision": 0.34124629080118696, "recall": 0.5778894472361809, "f1-score": 0.4291044776119403, "support": 199}, "Graduate": {"precision": 0.8023483365949119, "recall": 0.7427536231884058, "f1-score": 0.7714016933207903, "support": 552}, "accuracy": 0.6681735985533453, "macro avg": {"precision": 0.6576839972457281, "recall": 0.6411533239443458, "f1-score": 0.6329039058084632, "support": 1106}, "weighted avg": {"precision": 0.7280846817458525, "recall": 0.6681735985533453, "f1-score": 0.6863187113587218, "support": 1106}}