{"Dropout": {"precision": 0.5155963302752293, "recall": 0.7915492957746478, "f1-score": 0.6244444444444445, "support": 355}, "Enrolled": {"precision": 0.15655577299412915, "recall": 0.4020100502512563, "f1-score": 0.22535211267605634, "support": 199}, "Graduate": {"precision": 0.66, "recall": 0.059782608695652176, "f1-score": 0.10963455149501661, "support": 552}, "accuracy": 0.3562386980108499, "macro avg": {"precision": 0.4440507010897862, "recall": 0.4177806515738521, "f1-score": 0.3198103695385058, "support": 1106}, "weighted avg": {"precision": 0.5230662713142298, "recall": 0.3562386980108499, "f1-score": 0.29569721575548114, "support": 1106}}