{"Dropout": {"precision": 0.832089552238806, "recall": 0.6281690140845071, "f1-score": 0.7158908507223114, "support": 355}, "Enrolled": {"precision": 0.4632352941176471, "recall": 0.3165829145728643, "f1-score": 0.3761194029850746, "support": 199}, "Graduate": {"precision": 0.7236467236467237, "recall": 0.9202898550724637, "f1-score": 0.810207336523126, "support": 552}, "accuracy": 0.7179023508137432, "macro avg": {"precision": 0.6729905233343922, "recall": 0.6216805945766116, "f1-score": 0.6340725300768373, "support": 1106}, "weighted avg": {"precision": 0.7115991012903973, "recall": 0.7179023508137432, "f1-score": 0.7018295325146618, "support": 1106}}