{"Dropout": {"precision": 0.6990595611285266, "recall": 0.6281690140845071, "f1-score": 0.6617210682492581, "support": 355}, "Enrolled": {"precision": 0.30857142857142855, "recall": 0.542713567839196, "f1-score": 0.3934426229508196, "support": 199}, "Graduate": {"precision": 0.8032036613272311, "recall": 0.6358695652173914, "f1-score": 0.7098078867542973, "support": 552}, "accuracy": 0.6166365280289331, "macro avg": {"precision": 0.6036115503423954, "recall": 0.6022507157136981, "f1-score": 0.588323859318125, "support": 1106}, "weighted avg": {"precision": 0.6807778296012412, "recall": 0.6166365280289331, "f1-score": 0.6374502845244773, "support": 1106}}