{"Dropout": {"precision": 0.8130081300813008, "recall": 0.5633802816901409, "f1-score": 0.6655574043261231, "support": 355}, "Enrolled": {"precision": 0.3296398891966759, "recall": 0.5979899497487438, "f1-score": 0.42500000000000004, "support": 199}, "Graduate": {"precision": 0.7915831663326653, "recall": 0.7155797101449275, "f1-score": 0.7516650808753568, "support": 552}, "accuracy": 0.6455696202531646, "macro avg": {"precision": 0.6447437285368807, "recall": 0.6256499805279374, "f1-score": 0.6140741617338267, "support": 1106}, "weighted avg": {"precision": 0.7153436997691063, "recall": 0.6455696202531646, "f1-score": 0.6652504549538614, "support": 1106}}