{"Dropout": {"precision": 0.7484276729559748, "recall": 0.6704225352112676, "f1-score": 0.7072808320950965, "support": 355}, "Enrolled": {"precision": 0.3684210526315789, "recall": 0.24623115577889448, "f1-score": 0.29518072289156627, "support": 199}, "Graduate": {"precision": 0.732824427480916, "recall": 0.8695652173913043, "f1-score": 0.7953603976801988, "support": 552}, "accuracy": 0.6934900542495479, "macro avg": {"precision": 0.6165577176894899, "recall": 0.5954063027938221, "f1-score": 0.5992739842222872, "support": 1106}, "weighted avg": {"precision": 0.6722664532934186, "recall": 0.6934900542495479, "f1-score": 0.6770927656136082, "support": 1106}}