{"Dropout": {"precision": 0.7181208053691275, "recall": 0.6028169014084507, "f1-score": 0.655436447166922, "support": 355}, "Enrolled": {"precision": 0.2779220779220779, "recall": 0.5376884422110553, "f1-score": 0.3664383561643835, "support": 199}, "Graduate": {"precision": 0.7825059101654847, "recall": 0.5996376811594203, "f1-score": 0.678974358974359, "support": 552}, "accuracy": 0.5895117540687161, "macro avg": {"precision": 0.5928495978188967, "recall": 0.5800476749263087, "f1-score": 0.5669497207685548, "support": 1106}, "weighted avg": {"precision": 0.6710512132223159, "recall": 0.5895117540687161, "f1-score": 0.6151853686933235, "support": 1106}}