{"Dropout": {"precision": 0.789272030651341, "recall": 0.5802816901408451, "f1-score": 0.6688311688311688, "support": 355}, "Enrolled": {"precision": 0.3342391304347826, "recall": 0.6180904522613065, "f1-score": 0.43386243386243384, "support": 199}, "Graduate": {"precision": 0.7882599580712788, "recall": 0.6811594202898551, "f1-score": 0.7308066083576288, "support": 552}, "accuracy": 0.6374321880650995, "macro avg": {"precision": 0.6372570397191342, "recall": 0.6265105208973356, "f1-score": 0.6111667370170771, "support": 1106}, "weighted avg": {"precision": 0.7068939011691624, "recall": 0.6374321880650995, "f1-score": 0.6574854765706152, "support": 1106}}