{"Dropout": {"precision": 0.6888888888888889, "recall": 0.6112676056338028, "f1-score": 0.6477611940298508, "support": 355}, "Enrolled": {"precision": 0.28205128205128205, "recall": 0.5527638190954773, "f1-score": 0.37351443123938877, "support": 199}, "Graduate": {"precision": 0.7855361596009975, "recall": 0.5706521739130435, "f1-score": 0.6610703043022036, "support": 552}, "accuracy": 0.5804701627486437, "macro avg": {"precision": 0.5854921101803895, "recall": 0.5782278662141079, "f1-score": 0.5607819765238143, "support": 1106}, "weighted avg": {"precision": 0.6639237981767733, "recall": 0.5804701627486437, "f1-score": 0.6050591353273524, "support": 1106}}