{"Dropout": {"precision": 0.6925566343042071, "recall": 0.6028169014084507, "f1-score": 0.644578313253012, "support": 355}, "Enrolled": {"precision": 0.2830188679245283, "recall": 0.5276381909547738, "f1-score": 0.3684210526315789, "support": 199}, "Graduate": {"precision": 0.7910798122065728, "recall": 0.6105072463768116, "f1-score": 0.689161554192229, "support": 552}, "accuracy": 0.593128390596745, "macro avg": {"precision": 0.5888851048117694, "recall": 0.580320779580012, "f1-score": 0.56738697335894, "support": 1106}, "weighted avg": {"precision": 0.6680419676609428, "recall": 0.593128390596745, "f1-score": 0.6171412916750578, "support": 1106}}