{"Dropout": {"precision": 0.7803921568627451, "recall": 0.5605633802816902, "f1-score": 0.6524590163934426, "support": 355}, "Enrolled": {"precision": 0.32266666666666666, "recall": 0.6080402010050251, "f1-score": 0.42160278745644597, "support": 199}, "Graduate": {"precision": 0.8088235294117647, "recall": 0.697463768115942, "f1-score": 0.7490272373540855, "support": 552}, "accuracy": 0.6374321880650995, "macro avg": {"precision": 0.6372941176470588, "recall": 0.6220224498008857, "f1-score": 0.6076963470679914, "support": 1106}, "weighted avg": {"precision": 0.7122246569513881, "recall": 0.6374321880650995, "f1-score": 0.6591183910876673, "support": 1106}}