{"Dropout": {"precision": 0.7810650887573964, "recall": 0.7436619718309859, "f1-score": 0.761904761904762, "support": 355}, "Enrolled": {"precision": 0.44594594594594594, "recall": 0.3316582914572864, "f1-score": 0.3804034582132565, "support": 199}, "Graduate": {"precision": 0.7951612903225806, "recall": 0.8931159420289855, "f1-score": 0.841296928327645, "support": 552}, "accuracy": 0.744122965641953, "macro avg": {"precision": 0.6740574416753077, "recall": 0.6561454017724193, "f1-score": 0.6612017161485545, "support": 1106}, "weighted avg": {"precision": 0.7278032387072183, "recall": 0.744122965641953, "f1-score": 0.7328864223304599, "support": 1106}}