{"Dropout": {"precision": 0.695, "recall": 0.7830985915492957, "f1-score": 0.7364238410596026, "support": 355}, "Enrolled": {"precision": 0.36186770428015563, "recall": 0.46733668341708545, "f1-score": 0.4078947368421053, "support": 199}, "Graduate": {"precision": 0.8685968819599109, "recall": 0.7065217391304348, "f1-score": 0.7792207792207793, "support": 552}, "accuracy": 0.6880650994575045, "macro avg": {"precision": 0.6418215287466889, "recall": 0.6523190046989387, "f1-score": 0.6411797857074958, "support": 1106}, "weighted avg": {"precision": 0.7217017649128588, "recall": 0.6880650994575045, "f1-score": 0.6986721395457577, "support": 1106}}