{"Dropout": {"precision": 0.7441176470588236, "recall": 0.7126760563380282, "f1-score": 0.7280575539568346, "support": 355}, "Enrolled": {"precision": 0.3542234332425068, "recall": 0.6532663316582915, "f1-score": 0.4593639575971732, "support": 199}, "Graduate": {"precision": 0.8796992481203008, "recall": 0.6358695652173914, "f1-score": 0.7381703470031545, "support": 552}, "accuracy": 0.6636528028933092, "macro avg": {"precision": 0.6593467761405437, "recall": 0.6672706510712371, "f1-score": 0.6418639528523874, "support": 1106}, "weighted avg": {"precision": 0.7416331038730084, "recall": 0.6636528028933092, "f1-score": 0.6847593949025814, "support": 1106}}