{"Dropout": {"precision": 0.7492795389048992, "recall": 0.7323943661971831, "f1-score": 0.7407407407407407, "support": 355}, "Enrolled": {"precision": 0.36627906976744184, "recall": 0.6331658291457286, "f1-score": 0.46408839779005523, "support": 199}, "Graduate": {"precision": 0.891566265060241, "recall": 0.6702898550724637, "f1-score": 0.7652533609100309, "support": 552}, "accuracy": 0.6835443037974683, "macro avg": {"precision": 0.6690416245775274, "recall": 0.6786166834717918, "f1-score": 0.6566941664802756, "support": 1106}, "weighted avg": {"precision": 0.7513818711647496, "recall": 0.6835443037974683, "f1-score": 0.7031974768042686, "support": 1106}}