{"Dropout": {"precision": 0.7472222222222222, "recall": 0.7577464788732394, "f1-score": 0.7524475524475526, "support": 355}, "Enrolled": {"precision": 0.4624277456647399, "recall": 0.4020100502512563, "f1-score": 0.43010752688172044, "support": 199}, "Graduate": {"precision": 0.8167539267015707, "recall": 0.8478260869565217, "f1-score": 0.8320000000000001, "support": 552}, "accuracy": 0.7386980108499096, "macro avg": {"precision": 0.6754679648628442, "recall": 0.6691942053603391, "f1-score": 0.6715183597764244, "support": 1106}, "weighted avg": {"precision": 0.7306828009181187, "recall": 0.7386980108499096, "f1-score": 0.7341539592842167, "support": 1106}}