{"Dropout": {"precision": 0.6980609418282548, "recall": 0.7098591549295775, "f1-score": 0.7039106145251397, "support": 355}, "Enrolled": {"precision": 0.324468085106383, "recall": 0.6130653266331658, "f1-score": 0.4243478260869565, "support": 199}, "Graduate": {"precision": 0.8943089430894309, "recall": 0.5978260869565217, "f1-score": 0.7166123778501629, "support": 552}, "accuracy": 0.6365280289330922, "macro avg": {"precision": 0.6389459900080229, "recall": 0.6402501895064218, "f1-score": 0.6149569394874197, "support": 1106}, "weighted avg": {"precision": 0.728787811817872, "recall": 0.6365280289330922, "f1-score": 0.6599489313933262, "support": 1106}}