{"Dropout": {"precision": 0.7731343283582089, "recall": 0.7295774647887324, "f1-score": 0.7507246376811594, "support": 355}, "Enrolled": {"precision": 0.35561497326203206, "recall": 0.6683417085427136, "f1-score": 0.46422338568935423, "support": 199}, "Graduate": {"precision": 0.8942065491183879, "recall": 0.6431159420289855, "f1-score": 0.7481559536354055, "support": 552}, "accuracy": 0.6754068716094033, "macro avg": {"precision": 0.6743186169128763, "recall": 0.6803450384534772, "f1-score": 0.6543679923353064, "support": 1106}, "weighted avg": {"precision": 0.7584376865819699, "recall": 0.6754068716094033, "f1-score": 0.6978931162167603, "support": 1106}}