{"Dropout": {"precision": 0.7872340425531915, "recall": 0.7295774647887324, "f1-score": 0.7573099415204678, "support": 355}, "Enrolled": {"precision": 0.47244094488188976, "recall": 0.3015075376884422, "f1-score": 0.36809815950920244, "support": 199}, "Graduate": {"precision": 0.7830769230769231, "recall": 0.9221014492753623, "f1-score": 0.8469217970049917, "support": 552}, "accuracy": 0.7486437613019892, "macro avg": {"precision": 0.6809173035040015, "recall": 0.6510621505841789, "f1-score": 0.6574432993448873, "support": 1106}, "weighted avg": {"precision": 0.7285192537760765, "recall": 0.7486437613019892, "f1-score": 0.7320048778741888, "support": 1106}}