{"Dropout": {"precision": 0.707774798927614, "recall": 0.7436619718309859, "f1-score": 0.7252747252747253, "support": 355}, "Enrolled": {"precision": 0.3581081081081081, "recall": 0.5326633165829145, "f1-score": 0.42828282828282827, "support": 199}, "Graduate": {"precision": 0.8466819221967964, "recall": 0.6702898550724637, "f1-score": 0.7482305358948432, "support": 552}, "accuracy": 0.6690777576853526, "macro avg": {"precision": 0.6375216097441728, "recall": 0.6488717144954547, "f1-score": 0.633929363150799, "support": 1106}, "weighted avg": {"precision": 0.7141880544172226, "recall": 0.6690777576853526, "f1-score": 0.6832948156553018, "support": 1106}}