{"Dropout": {"precision": 0.7435158501440923, "recall": 0.7267605633802817, "f1-score": 0.7350427350427351, "support": 355}, "Enrolled": {"precision": 0.43783783783783786, "recall": 0.40703517587939697, "f1-score": 0.42187499999999994, "support": 199}, "Graduate": {"precision": 0.8101045296167247, "recall": 0.842391304347826, "f1-score": 0.8259325044404973, "support": 552}, "accuracy": 0.7269439421338155, "macro avg": {"precision": 0.6638194058662182, "recall": 0.6587290145358349, "f1-score": 0.6609500798277441, "support": 1106}, "weighted avg": {"precision": 0.7217500514279517, "recall": 0.7269439421338155, "f1-score": 0.7240579008963159, "support": 1106}}