{"Dropout": {"precision": 0.683377308707124, "recall": 0.7295774647887324, "f1-score": 0.7057220708446867, "support": 355}, "Enrolled": {"precision": 0.3613138686131387, "recall": 0.49748743718592964, "f1-score": 0.41860465116279066, "support": 199}, "Graduate": {"precision": 0.8410596026490066, "recall": 0.6902173913043478, "f1-score": 0.7582089552238807, "support": 552}, "accuracy": 0.6681735985533453, "macro avg": {"precision": 0.6285835933230898, "recall": 0.6390940977596699, "f1-score": 0.6275118924104527, "support": 1106}, "weighted avg": {"precision": 0.7041277623031603, "recall": 0.6681735985533453, "f1-score": 0.6802576889826775, "support": 1106}}