{"Dropout": {"precision": 0.7435897435897436, "recall": 0.7352112676056338, "f1-score": 0.7393767705382437, "support": 355}, "Enrolled": {"precision": 0.4823529411764706, "recall": 0.4120603015075377, "f1-score": 0.4444444444444444, "support": 199}, "Graduate": {"precision": 0.811965811965812, "recall": 0.8605072463768116, "f1-score": 0.8355321020228672, "support": 552}, "accuracy": 0.7396021699819169, "macro avg": {"precision": 0.6793028322440087, "recall": 0.6692596051633277, "f1-score": 0.6731177723351851, "support": 1106}, "weighted avg": {"precision": 0.7307122264679973, "recall": 0.7396021699819169, "f1-score": 0.7343010111230955, "support": 1106}}