{"Dropout": {"precision": 0.7543859649122807, "recall": 0.7267605633802817, "f1-score": 0.7403156384505022, "support": 355}, "Enrolled": {"precision": 0.44623655913978494, "recall": 0.41708542713567837, "f1-score": 0.43116883116883115, "support": 199}, "Graduate": {"precision": 0.8114186851211073, "recall": 0.8496376811594203, "f1-score": 0.8300884955752212, "support": 552}, "accuracy": 0.7323688969258589, "macro avg": {"precision": 0.6706804030577244, "recall": 0.6644945572251268, "f1-score": 0.6671909883981849, "support": 1106}, "weighted avg": {"precision": 0.727406154610785, "recall": 0.7323688969258589, "f1-score": 0.7294968341863001, "support": 1106}}