{"Dropout": {"precision": 0.7760736196319018, "recall": 0.7126760563380282, "f1-score": 0.7430249632892805, "support": 355}, "Enrolled": {"precision": 0.37393767705382436, "recall": 0.6633165829145728, "f1-score": 0.4782608695652174, "support": 199}, "Graduate": {"precision": 0.8805620608899297, "recall": 0.6811594202898551, "f1-score": 0.7681307456588355, "support": 552}, "accuracy": 0.6880650994575045, "macro avg": {"precision": 0.6768577858585519, "recall": 0.6857173531808187, "f1-score": 0.6631388595044444, "support": 1106}, "weighted avg": {"precision": 0.7558679840092924, "recall": 0.6880650994575045, "f1-score": 0.7079167690911845, "support": 1106}}