{"Dropout": {"precision": 0.9478859390363815, "recall": 0.9043151969981238, "f1-score": 0.9255880940950552, "support": 1066}, "Enrolled": {"precision": 0.847457627118644, "recall": 0.6722689075630253, "f1-score": 0.7497656982193065, "support": 595}, "Graduate": {"precision": 0.8840896664844177, "recall": 0.975859987929994, "f1-score": 0.927710843373494, "support": 1657}, "accuracy": 0.8984327908378541, "macro avg": {"precision": 0.8931444108798144, "recall": 0.8508146974970477, "f1-score": 0.8676882118959518, "support": 3318}, "weighted avg": {"precision": 0.8980169609743991, "recall": 0.8984327908378541, "f1-score": 0.8951188566050922, "support": 3318}}