{"Dropout": {"precision": 0.7105263157894737, "recall": 0.7605633802816901, "f1-score": 0.7346938775510203, "support": 355}, "Enrolled": {"precision": 0.3713235294117647, "recall": 0.507537688442211, "f1-score": 0.4288747346072187, "support": 199}, "Graduate": {"precision": 0.8634361233480177, "recall": 0.7101449275362319, "f1-score": 0.779324055666004, "support": 552}, "accuracy": 0.689873417721519, "macro avg": {"precision": 0.6484286561830853, "recall": 0.659415332086711, "f1-score": 0.6476308892747477, "support": 1106}, "weighted avg": {"precision": 0.725810998685633, "recall": 0.689873417721519, "f1-score": 0.701943288829189, "support": 1106}}