{"Dropout": {"precision": 0.7478260869565218, "recall": 0.7267605633802817, "f1-score": 0.7371428571428572, "support": 355}, "Enrolled": {"precision": 0.41040462427745666, "recall": 0.35678391959798994, "f1-score": 0.3817204301075269, "support": 199}, "Graduate": {"precision": 0.7993197278911565, "recall": 0.8514492753623188, "f1-score": 0.824561403508772, "support": 552}, "accuracy": 0.7224231464737794, "macro avg": {"precision": 0.6525168130417116, "recall": 0.6449979194468635, "f1-score": 0.647808230253052, "support": 1106}, "weighted avg": {"precision": 0.7128148923116614, "recall": 0.7224231464737794, "f1-score": 0.7168227618571016, "support": 1106}}