{"Dropout": {"precision": 0.7320441988950276, "recall": 0.7464788732394366, "f1-score": 0.7391910739191074, "support": 355}, "Enrolled": {"precision": 0.43529411764705883, "recall": 0.37185929648241206, "f1-score": 0.40108401084010836, "support": 199}, "Graduate": {"precision": 0.8153310104529616, "recall": 0.8478260869565217, "f1-score": 0.8312611012433392, "support": 552}, "accuracy": 0.7296564195298373, "macro avg": {"precision": 0.6608897756650159, "recall": 0.6553880855594568, "f1-score": 0.6571787286675184, "support": 1106}, "weighted avg": {"precision": 0.7202187502617852, "recall": 0.7296564195298373, "f1-score": 0.7243080264781083, "support": 1106}}