{"Dropout": {"precision": 0.7535816618911175, "recall": 0.7408450704225352, "f1-score": 0.7471590909090909, "support": 355}, "Enrolled": {"precision": 0.47126436781609193, "recall": 0.4120603015075377, "f1-score": 0.43967828418230565, "support": 199}, "Graduate": {"precision": 0.8147512864493996, "recall": 0.8605072463768116, "f1-score": 0.8370044052863437, "support": 552}, "accuracy": 0.7414104882459313, "macro avg": {"precision": 0.679865772052203, "recall": 0.6711375394356281, "f1-score": 0.67461392679258, "support": 1106}, "weighted avg": {"precision": 0.7333144749428729, "recall": 0.7414104882459313, "f1-score": 0.7366762093517791, "support": 1106}}