{"Dropout": {"precision": 0.9212454212454212, "recall": 0.8453781512605042, "f1-score": 0.8816827344434707, "support": 595}, "Enrolled": {"precision": 0.8164665523156089, "recall": 0.8, "f1-score": 0.8081494057724957, "support": 595}, "Graduate": {"precision": 0.823170731707317, "recall": 0.907563025210084, "f1-score": 0.8633093525179857, "support": 595}, "accuracy": 0.8509803921568627, "macro avg": {"precision": 0.8536275684227824, "recall": 0.8509803921568627, "f1-score": 0.8510471642446507, "support": 1785}, "weighted avg": {"precision": 0.8536275684227823, "recall": 0.8509803921568627, "f1-score": 0.8510471642446505, "support": 1785}}