{"Dropout": {"precision": 0.6725888324873096, "recall": 0.7464788732394366, "f1-score": 0.7076101468624834, "support": 355}, "Enrolled": {"precision": 0.3319838056680162, "recall": 0.4120603015075377, "f1-score": 0.36771300448430494, "support": 199}, "Graduate": {"precision": 0.8408602150537634, "recall": 0.7083333333333334, "f1-score": 0.7689282202556539, "support": 552}, "accuracy": 0.6672694394213382, "macro avg": {"precision": 0.6151442844030298, "recall": 0.6222908360267693, "f1-score": 0.614750457200814, "support": 1106}, "weighted avg": {"precision": 0.6952881117274933, "recall": 0.6672694394213382, "f1-score": 0.6770568423233989, "support": 1106}}