{"Dropout": {"precision": 0.7076502732240437, "recall": 0.7295774647887324, "f1-score": 0.7184466019417476, "support": 355}, "Enrolled": {"precision": 0.3398876404494382, "recall": 0.6080402010050251, "f1-score": 0.436036036036036, "support": 199}, "Graduate": {"precision": 0.875, "recall": 0.6086956521739131, "f1-score": 0.717948717948718, "support": 552}, "accuracy": 0.6473779385171791, "macro avg": {"precision": 0.6408459712244939, "recall": 0.6487711059892235, "f1-score": 0.624143785308834, "support": 1106}, "weighted avg": {"precision": 0.7250031532043163, "recall": 0.6473779385171791, "f1-score": 0.6673846357759349, "support": 1106}}