{"Dropout": {"precision": 0.7305555555555555, "recall": 0.7408450704225352, "f1-score": 0.7356643356643356, "support": 355}, "Enrolled": {"precision": 0.44571428571428573, "recall": 0.39195979899497485, "f1-score": 0.4171122994652407, "support": 199}, "Graduate": {"precision": 0.809106830122592, "recall": 0.8369565217391305, "f1-score": 0.8227960819234195, "support": 552}, "accuracy": 0.7260397830018083, "macro avg": {"precision": 0.6617922237974777, "recall": 0.6565871303855468, "f1-score": 0.6585242390176652, "support": 1106}, "weighted avg": {"precision": 0.7185093447622386, "recall": 0.7260397830018083, "f1-score": 0.7218351030525765, "support": 1106}}