{"Dropout": {"precision": 0.760932944606414, "recall": 0.7352112676056338, "f1-score": 0.7478510028653295, "support": 355}, "Enrolled": {"precision": 0.4713375796178344, "recall": 0.37185929648241206, "f1-score": 0.4157303370786517, "support": 199}, "Graduate": {"precision": 0.8052805280528053, "recall": 0.8840579710144928, "f1-score": 0.842832469775475, "support": 552}, "accuracy": 0.744122965641953, "macro avg": {"precision": 0.6791836840923512, "recall": 0.6637095117008461, "f1-score": 0.6688046032398187, "support": 1106}, "weighted avg": {"precision": 0.7309604205826171, "recall": 0.744122965641953, "f1-score": 0.7354981613127539, "support": 1106}}