{"Dropout": {"precision": 0.7384196185286104, "recall": 0.7633802816901408, "f1-score": 0.7506925207756232, "support": 355}, "Enrolled": {"precision": 0.4451219512195122, "recall": 0.36683417085427134, "f1-score": 0.4022038567493113, "support": 199}, "Graduate": {"precision": 0.8069565217391305, "recall": 0.8405797101449275, "f1-score": 0.8234250221827861, "support": 552}, "accuracy": 0.7305605786618445, "macro avg": {"precision": 0.6634993638290844, "recall": 0.6569313875631132, "f1-score": 0.6587737999025736, "support": 1106}, "weighted avg": {"precision": 0.7198537367724589, "recall": 0.7305605786618445, "f1-score": 0.7242902573357659, "support": 1106}}