{"Dropout": {"precision": 0.7202216066481995, "recall": 0.7323943661971831, "f1-score": 0.7262569832402234, "support": 355}, "Enrolled": {"precision": 0.4682080924855491, "recall": 0.40703517587939697, "f1-score": 0.43548387096774194, "support": 199}, "Graduate": {"precision": 0.8024475524475524, "recall": 0.8315217391304348, "f1-score": 0.8167259786476868, "support": 552}, "accuracy": 0.7233273056057866, "macro avg": {"precision": 0.6636257505271003, "recall": 0.6569837604023383, "f1-score": 0.6594889442852173, "support": 1106}, "weighted avg": {"precision": 0.7159160304844341, "recall": 0.7233273056057866, "f1-score": 0.7190915547797315, "support": 1106}}