{"Dropout": {"precision": 1.0, "recall": 1.0, "f1-score": 1.0, "support": 1657}, "Enrolled": {"precision": 0.9993968636911942, "recall": 1.0, "f1-score": 0.9996983408748115, "support": 1657}, "Graduate": {"precision": 1.0, "recall": 0.9993964996982498, "f1-score": 0.9996981587684878, "support": 1657}, "accuracy": 0.99979883323275, "macro avg": {"precision": 0.9997989545637314, "recall": 0.99979883323275, "f1-score": 0.9997988332144331, "support": 4971}, "weighted avg": {"precision": 0.9997989545637312, "recall": 0.99979883323275, "f1-score": 0.9997988332144331, "support": 4971}}