{"Dropout": {"precision": 0.7926421404682275, "recall": 0.6676056338028169, "f1-score": 0.7247706422018348, "support": 355}, "Enrolled": {"precision": 0.4, "recall": 0.7336683417085427, "f1-score": 0.5177304964539007, "support": 199}, "Graduate": {"precision": 0.8959276018099548, "recall": 0.717391304347826, "f1-score": 0.7967806841046278, "support": 552}, "accuracy": 0.7043399638336347, "macro avg": {"precision": 0.6961899140927273, "recall": 0.7062217599530619, "f1-score": 0.6797606075867878, "support": 1106}, "weighted avg": {"precision": 0.7735443002398877, "recall": 0.7043399638336347, "f1-score": 0.7234583041606981, "support": 1106}}