{"Dropout": {"precision": 0.8534798534798534, "recall": 0.6563380281690141, "f1-score": 0.7420382165605095, "support": 355}, "Enrolled": {"precision": 0.38461538461538464, "recall": 0.7537688442211056, "f1-score": 0.5093378607809848, "support": 199}, "Graduate": {"precision": 0.8871331828442438, "recall": 0.7119565217391305, "f1-score": 0.7899497487437187, "support": 552}, "accuracy": 0.701627486437613, "macro avg": {"precision": 0.708409473646494, "recall": 0.7073544647097499, "f1-score": 0.6804419420284042, "support": 1106}, "weighted avg": {"precision": 0.7859144000486727, "recall": 0.701627486437613, "f1-score": 0.7240814308145836, "support": 1106}}