{"Dropout": {"precision": 0.8144329896907216, "recall": 0.6676056338028169, "f1-score": 0.7337461300309598, "support": 355}, "Enrolled": {"precision": 0.3803191489361702, "recall": 0.7185929648241206, "f1-score": 0.4973913043478261, "support": 199}, "Graduate": {"precision": 0.8701594533029613, "recall": 0.6920289855072463, "f1-score": 0.7709384460141272, "support": 552}, "accuracy": 0.6889692585895117, "macro avg": {"precision": 0.6883038639766177, "recall": 0.6927425280447279, "f1-score": 0.6673586267976376, "support": 1106}, "weighted avg": {"precision": 0.7641367452095287, "recall": 0.6889692585895117, "f1-score": 0.7097818878173656, "support": 1106}}