{"Dropout": {"precision": 0.8068965517241379, "recall": 0.6591549295774648, "f1-score": 0.7255813953488371, "support": 355}, "Enrolled": {"precision": 0.37433155080213903, "recall": 0.7035175879396985, "f1-score": 0.4886561954624782, "support": 199}, "Graduate": {"precision": 0.8642533936651584, "recall": 0.6920289855072463, "f1-score": 0.7686116700201207, "support": 552}, "accuracy": 0.6835443037974683, "macro avg": {"precision": 0.681827165397145, "recall": 0.6849005010081365, "f1-score": 0.6609497536104786, "support": 1106}, "weighted avg": {"precision": 0.7576927014239259, "recall": 0.6835443037974683, "f1-score": 0.7044282279357839, "support": 1106}}