{"Dropout": {"precision": 0.6532066508313539, "recall": 0.7746478873239436, "f1-score": 0.7087628865979381, "support": 355}, "Enrolled": {"precision": 0.3952380952380952, "recall": 0.41708542713567837, "f1-score": 0.4058679706601467, "support": 199}, "Graduate": {"precision": 0.8378947368421052, "recall": 0.7210144927536232, "f1-score": 0.7750730282375852, "support": 552}, "accuracy": 0.6835443037974683, "macro avg": {"precision": 0.6287798276371848, "recall": 0.637582602404415, "f1-score": 0.6299012951652233, "support": 1106}, "weighted avg": {"precision": 0.6989680259804283, "recall": 0.6835443037974683, "f1-score": 0.6873588268451937, "support": 1106}}