{"Dropout": {"precision": 0.6506024096385542, "recall": 0.7605633802816901, "f1-score": 0.7012987012987013, "support": 355}, "Enrolled": {"precision": 0.3886255924170616, "recall": 0.4120603015075377, "f1-score": 0.4, "support": 199}, "Graduate": {"precision": 0.8333333333333334, "recall": 0.7246376811594203, "f1-score": 0.7751937984496124, "support": 552}, "accuracy": 0.6799276672694394, "macro avg": {"precision": 0.6241871117963164, "recall": 0.6324204543162161, "f1-score": 0.6254974999161046, "support": 1106}, "weighted avg": {"precision": 0.6946657760512496, "recall": 0.6799276672694394, "f1-score": 0.6839674644712704, "support": 1106}}