{"Dropout": {"precision": 0.8032258064516129, "recall": 0.7014084507042253, "f1-score": 0.7488721804511278, "support": 355}, "Enrolled": {"precision": 0.38484848484848483, "recall": 0.6381909547738693, "f1-score": 0.48015122873345933, "support": 199}, "Graduate": {"precision": 0.869098712446352, "recall": 0.7336956521739131, "f1-score": 0.7956777996070729, "support": 552}, "accuracy": 0.7061482820976492, "macro avg": {"precision": 0.6857243345821499, "recall": 0.6910983525506692, "f1-score": 0.6749004029305533, "support": 1106}, "weighted avg": {"precision": 0.7608250443449884, "recall": 0.7061482820976492, "f1-score": 0.7238823363121274, "support": 1106}}