{"Dropout": {"precision": 0.8090614886731392, "recall": 0.704225352112676, "f1-score": 0.7530120481927711, "support": 355}, "Enrolled": {"precision": 0.3857566765578635, "recall": 0.6532663316582915, "f1-score": 0.4850746268656716, "support": 199}, "Graduate": {"precision": 0.8847826086956522, "recall": 0.7373188405797102, "f1-score": 0.8043478260869565, "support": 552}, "accuracy": 0.7115732368896925, "macro avg": {"precision": 0.6932002579755516, "recall": 0.6982701747835591, "f1-score": 0.6808115003817997, "support": 1106}, "weighted avg": {"precision": 0.7706893373544117, "recall": 0.7115732368896925, "f1-score": 0.7304241662339082, "support": 1106}}