{"Dropout": {"precision": 0.8389261744966443, "recall": 0.704225352112676, "f1-score": 0.7656967840735069, "support": 355}, "Enrolled": {"precision": 0.49375, "recall": 0.3969849246231156, "f1-score": 0.4401114206128134, "support": 199}, "Graduate": {"precision": 0.7808641975308642, "recall": 0.9166666666666666, "f1-score": 0.8433333333333333, "support": 552}, "accuracy": 0.7549728752260397, "macro avg": {"precision": 0.7045134573425029, "recall": 0.6726256478008193, "f1-score": 0.6830471793398845, "support": 1106}, "weighted avg": {"precision": 0.74784093940628, "recall": 0.7549728752260397, "f1-score": 0.7458630479638741, "support": 1106}}