{"Dropout": {"precision": 0.8184818481848185, "recall": 0.6985915492957746, "f1-score": 0.7537993920972643, "support": 355}, "Enrolled": {"precision": 0.4666666666666667, "recall": 0.3165829145728643, "f1-score": 0.3772455089820359, "support": 199}, "Graduate": {"precision": 0.7724550898203593, "recall": 0.9347826086956522, "f1-score": 0.8459016393442623, "support": 552}, "accuracy": 0.7477396021699819, "macro avg": {"precision": 0.6858678682239482, "recall": 0.6499856908547637, "f1-score": 0.6589821801411876, "support": 1106}, "weighted avg": {"precision": 0.7322087995959453, "recall": 0.7477396021699819, "f1-score": 0.7320147788426643, "support": 1106}}