{"Dropout": {"precision": 0.8612244897959184, "recall": 0.5943661971830986, "f1-score": 0.7033333333333334, "support": 355}, "Enrolled": {"precision": 0.423728813559322, "recall": 0.12562814070351758, "f1-score": 0.19379844961240308, "support": 199}, "Graduate": {"precision": 0.6708229426433915, "recall": 0.9746376811594203, "f1-score": 0.794682422451994, "support": 552}, "accuracy": 0.6998191681735986, "macro avg": {"precision": 0.6519254153328773, "recall": 0.5648773396820121, "f1-score": 0.5639380684659102, "support": 1106}, "weighted avg": {"precision": 0.6874782930515445, "recall": 0.6998191681735986, "f1-score": 0.6572458607592245, "support": 1106}}